{"cameraMode":{"drawMode":0,"name":"Shaded","section":"Shading Mode"},"sceneLighting":true,"audioPlay":false,"sceneViewState":{"m_AlwaysRefresh":false,"showFog":true,"showSkybox":false,"showFlares":true,"showImageEffects":true,"showParticleSystems":true,"showVisualEffectGraphs":true,"m_FxEnabled":true},"in2DMode":false,"pivot":{"x":0.207370787858963,"y":1.5707106590270997,"z":-0.5124216079711914},"rotation":{"x":0.00003245749030611478,"y":0.9943050146102905,"z":-0.1066075786948204,"w":0.0002990037901327014},"size":7.6065993309021,"orthographic":false}